<?xml version="1.0" encoding="UTF-8"?>
<project-private xmlns="http://www.netbeans.org/ns/project-private/1">
    <editor-bookmarks xmlns="http://www.netbeans.org/ns/editor-bookmarks/2" lastBookmarkId="0"/>
    <open-files xmlns="http://www.netbeans.org/ns/projectui-open-files/2">
        <group>
            <file>file:/C:/Users/Chris%20Mulcahy/Desktop/MMO-Auction-House-master%20(2)/MMO-Auction-House-master/src/mmoauctionhouse/ReadWriteControl.java</file>
            <file>file:/C:/Users/Chris%20Mulcahy/Desktop/MMO-Auction-House-master%20(2)/MMO-Auction-House-master/src/mmoauctionhouse/PlayerMapper.java</file>
            <file>file:/C:/Users/Chris%20Mulcahy/Desktop/MMO-Auction-House-master%20(2)/MMO-Auction-House-master/src/mmoauctionhouse/LoginControl.java</file>
            <file>file:/C:/Users/Chris%20Mulcahy/Desktop/MMO-Auction-House-master%20(2)/MMO-Auction-House-master/src/mmoauctionhouse/LoginDetails.java</file>
            <file>file:/C:/Users/Chris%20Mulcahy/Desktop/MMO-Auction-House-master%20(2)/MMO-Auction-House-master/src/mmoauctionhouse/MMOAuctionHouseControl.java</file>
        </group>
    </open-files>
</project-private>
